text,link
"Cartera de clientes: cómo segmentarla para mejorar la cobranza

Aprende cómo gestionar tu Cartera de Clientes para optimizar la cobranza, reducir morosidad y mejorar la liquidez de tu empresa.

Lee el articulo completo: https://igmacobchile.cl/blog/cartera-de-clientes/

#cobranza #pymes #facturas #Chile #liquidez #recuperaciondefacturas #empresas",https://igmacobchile.cl/blog/cartera-de-clientes/
"Cobranza digital: el futuro de la recuperación de deudas en Chile

Cobranza Digital para mejorar liquidez y reducir morosidad. Descubre cómo optimizar la recuperación de pagos. Contacta a Igmacob Chile

Lee el articulo completo: https://igmacobchile.cl/blog/cobranza-digital/

#cobranza #pymes #facturas #Chile #liquidez #recuperaciondefacturas #empresas",https://igmacobchile.cl/blog/cobranza-digital/
"Cobranza extrajudicial: la vía más eficiente para recuperar deudas

Cobranza Extrajudicial efectiva para empresas. Recupera deudas, protege relaciones y mejora tu liquidez sin ir a juicio. Contáctanos

Lee el articulo completo: https://igmacobchile.cl/blog/cobranza-extrajudicial/

#cobranza #pymes #facturas #Chile #liquidez #recuperaciondefacturas #empresas",https://igmacobchile.cl/blog/cobranza-extrajudicial/
"Cobranza judicial de facturas para PYMEs: cuándo y cómo iniciar el proceso

Guía práctica para PYMEs en Chile sobre cobranza judicial de facturas: cuándo demandar, requisitos legales, costos y cómo recuperar facturas impagas con respaldo legal.

Lee el articulo completo: https://igmacobchile.cl/blog/cobranza-judicial-de-facturas-pymes/

#cobranza #pymes #facturas #Chile #liquidez #recuperaciondefacturas #empresas",https://igmacobchile.cl/blog/cobranza-judicial-de-facturas-pymes/
"¿Qué es la cobranza prejudicial y cuándo aplicarla?

Descubre cómo la Cobranza Prejudicial optimiza tu flujo de caja y por qué externalizarla con Igmacob Chile es la mejor decisión.

Lee el articulo completo: https://igmacobchile.cl/blog/cobranza-prejudicial/

#cobranza #pymes #facturas #Chile #liquidez #recuperaciondefacturas #empresas",https://igmacobchile.cl/blog/cobranza-prejudicial/
"Cobranza de colegiaturas: estrategias para instituciones educativas

Cómo enfrentar colegiaturas impagas en colegios privados y mejorar la recuperación con cobranza especializada de Igmacob Chile.

Lee el articulo completo: https://igmacobchile.cl/blog/colegiaturas/

#cobranza #pymes #facturas #Chile #liquidez #recuperaciondefacturas #empresas",https://igmacobchile.cl/blog/colegiaturas/
"Cómo cobrar lo que te deben sin perder a tu cliente

Aprende cómo cobrar con éxito y mantener buenas relaciones comerciales. Igmacob Chile te guía paso a paso para recuperar tu liquidez.

Lee el articulo completo: https://igmacobchile.cl/blog/como-cobrar/

#cobranza #pymes #facturas #Chile #liquidez #recuperaciondefacturas #empresas",https://igmacobchile.cl/blog/como-cobrar/
"Estrategias para el cobro efectivo de facturas impagas

Aprende cómo cobrar facturas impagas y recupera la liquidez de tu empresa con estrategias legales y efectivas. Contacta a Igmacob Chile

Lee el articulo completo: https://igmacobchile.cl/blog/como-cobrar-facturas-impagas/

#cobranza #pymes #facturas #Chile #liquidez #recuperaciondefacturas #empresas",https://igmacobchile.cl/blog/como-cobrar-facturas-impagas/
"Comunicación efectiva para cobrar una deuda sin conflictos

Descubre cómo usar la comunicación efectiva para persuadir y cobrar deudas. Mejora tus técnicas de cobranza con nuestras estrategias útiles.

Lee el articulo completo: https://igmacobchile.cl/blog/comunicacion-efectiva/

#cobranza #pymes #facturas #Chile #liquidez #recuperaciondefacturas #empresas",https://igmacobchile.cl/blog/comunicacion-efectiva/
"Convenio de pago: cómo negociar deudas comerciales paso a paso

Descubre cómo los convenios de pago ayudan a recuperar facturas sin juicio. Externaliza tu cobranza con Igmacob Chile.

Lee el articulo completo: https://igmacobchile.cl/blog/convenios-de-pago/

#cobranza #pymes #facturas #Chile #liquidez #recuperaciondefacturas #empresas",https://igmacobchile.cl/blog/convenios-de-pago/
"Gestión de cuentas por cobrar para PYMEs: guía práctica

Optimiza tus Cuentas por Cobrar: reduce DSO y liquidezate. Descubre cómo Igmacob Chile potencia la cobranza de facturas impagas.

Lee el articulo completo: https://igmacobchile.cl/blog/cuentas-por-cobrar/

#cobranza #pymes #facturas #Chile #liquidez #recuperaciondefacturas #empresas",https://igmacobchile.cl/blog/cuentas-por-cobrar/
"Deudas comerciales: cómo proteger a tu empresa de clientes morosos

Deudas comerciales afectan tu liquidez. Igmacob Chile ofrece servicio de cobranza integral para empresas y PYMEs. Habla con un experto ahora

Lee el articulo completo: https://igmacobchile.cl/blog/deudas-comerciales/

#cobranza #pymes #facturas #Chile #liquidez #recuperaciondefacturas #empresas",https://igmacobchile.cl/blog/deudas-comerciales/
"Deudas comerciales en Chile: panorama 2026 y cómo prepararse

Descubre cómo gestionar deudas comerciales en Chile y recupera facturas impagas con estrategias efectivas de cobranza para empresas y pymes.

Lee el articulo completo: https://igmacobchile.cl/blog/deudas-comerciales-en-chile/

#cobranza #pymes #facturas #Chile #liquidez #recuperaciondefacturas #empresas",https://igmacobchile.cl/blog/deudas-comerciales-en-chile/
"Ejecutivo de cobranza externo: ventajas de externalizar la gestión

Ejecutivo de Cobranzas externo asegura liquidez y gestión profesional de cuentas por cobrar para PYMEs y grandes empresas.

Lee el articulo completo: https://igmacobchile.cl/blog/ejecutivo-de-cobranzas/

#cobranza #pymes #facturas #Chile #liquidez #recuperaciondefacturas #empresas",https://igmacobchile.cl/blog/ejecutivo-de-cobranzas/
"Empresas de cobranza en Santiago: cómo elegir la mejor para tu negocio

Empresas de cobranza en Santiago para recuperar pagos sin juicio, mejorar liquidez y proteger relaciones comerciales. ¿Hablemos?

Lee el articulo completo: https://igmacobchile.cl/blog/empresas-de-cobranza-en-santiago/

#cobranza #pymes #facturas #Chile #liquidez #recuperaciondefacturas #empresas",https://igmacobchile.cl/blog/empresas-de-cobranza-en-santiago/
"Cobranza preventiva: cómo evitar la morosidad antes de que ocurra

Descubre cómo las estrategias de cobranza preventiva para empresas ayudan a empresas y pymes a reducir la morosidad, mejorar su liquidez y recuperar pagos

Lee el articulo completo: https://igmacobchile.cl/blog/estrategias-de-cobranza-preventiva/

#cobranza #pymes #facturas #Chile #liquidez #recuperaciondefacturas #empresas",https://igmacobchile.cl/blog/estrategias-de-cobranza-preventiva/
"Facturas impagas: guía completa para recuperar tu dinero

Descubre cómo gestionar facturas impagas y proteger la liquidez de tu empresa con el apoyo profesional de Igmacob Chile.

Lee el articulo completo: https://igmacobchile.cl/blog/facturas-impagas/

#cobranza #pymes #facturas #Chile #liquidez #recuperaciondefacturas #empresas",https://igmacobchile.cl/blog/facturas-impagas/
"Fidelización de clientes: cómo reducir la fuga en tu empresa

Estrategias prácticas de fidelización de clientes para reducir la fuga, retener compradores y aumentar el valor de cada cliente en tu PYME o empresa.

Lee el articulo completo: https://igmacobchile.cl/blog/fidelizar-clientes/

#cobranza #pymes #facturas #Chile #liquidez #recuperaciondefacturas #empresas",https://igmacobchile.cl/blog/fidelizar-clientes/
"Flujo de caja: cómo mantenerlo positivo cuando tus clientes no pagan

Aprende a gestionar el flujo de caja y protege la liquidez de tu empresa con la asesoría experta de Igmacob Chile.

Lee el articulo completo: https://igmacobchile.cl/blog/flujo-de-caja/

#cobranza #pymes #facturas #Chile #liquidez #recuperaciondefacturas #empresas",https://igmacobchile.cl/blog/flujo-de-caja/
"Gestión de cobranza profesional: métricas clave para medir resultados

Optimiza la gestión de cobranza en tu pyme y mejora tu flujo de caja con soluciones efectivas y profesionales.

Lee el articulo completo: https://igmacobchile.cl/blog/gestion-de-cobranza/

#cobranza #pymes #facturas #Chile #liquidez #recuperaciondefacturas #empresas",https://igmacobchile.cl/blog/gestion-de-cobranza/
"Gestión de mora en empresas: estrategias para cada etapa de la deuda

Descubre qué es la gestión de mora, cómo se relaciona con la cobranza y por qué es clave para mejorar la liquidez de tu empresa. Contáctanos

Lee el articulo completo: https://igmacobchile.cl/blog/gestion-de-mora/

#cobranza #pymes #facturas #Chile #liquidez #recuperaciondefacturas #empresas",https://igmacobchile.cl/blog/gestion-de-mora/
"Juicio ejecutivo en Chile: guía completa para empresas acreedoras

Conoce cuándo usar el juicio ejecutivo para cobrar facturas impagas y cómo externalizar la cobranza para proteger la liquidez de tu empresa.

Lee el articulo completo: https://igmacobchile.cl/blog/juicio-ejecutivo/

#cobranza #pymes #facturas #Chile #liquidez #recuperaciondefacturas #empresas",https://igmacobchile.cl/blog/juicio-ejecutivo/
"Ley 21.320 de cobranza en Chile: lo que todo acreedor debe saber

Ley 21.320: cómo cumplirla y mejorar la cobranza de deudas sin riesgos legales. Contacta a Igmacob Chile y gestiona la cobranza de tu empresa

Lee el articulo completo: https://igmacobchile.cl/blog/ley-21-320/

#cobranza #pymes #facturas #Chile #liquidez #recuperaciondefacturas #empresas",https://igmacobchile.cl/blog/ley-21-320/
"Ley Marco de Ciberseguridad en Chile: lo que toda empresa debe saber

Ley Marco de Ciberseguridad: protege la cobranza de facturas en tu empresa y evita multas; conoce requisitos y buenas prácticas.

Lee el articulo completo: https://igmacobchile.cl/blog/ley-marco-de-ciberseguridad/

#cobranza #pymes #facturas #Chile #liquidez #recuperaciondefacturas #empresas",https://igmacobchile.cl/blog/ley-marco-de-ciberseguridad/
"Liquidez empresarial: cómo la cobranza eficiente protege tus finanzas

Descubre cómo mejorar la liquidez de una empresa con una gestión de cobranza eficiente. Igmacob Chile apoya a empresas y pymes en Chile.

Lee el articulo completo: https://igmacobchile.cl/blog/liquidez-de-una-empresa/

#cobranza #pymes #facturas #Chile #liquidez #recuperaciondefacturas #empresas",https://igmacobchile.cl/blog/liquidez-de-una-empresa/
"Morosidad en el pago de facturas: causas y cómo enfrentarla

Descubre cómo la morosidad impacta tu pyme y qué hacer para cobrar a tiempo con soluciones expertas de cobranza para empresas.

Lee el articulo completo: https://igmacobchile.cl/blog/morosidad/

#cobranza #pymes #facturas #Chile #liquidez #recuperaciondefacturas #empresas",https://igmacobchile.cl/blog/morosidad/
"Morosidad previsional: riesgos, multas y cómo regularizarse

Conoce los riesgos, multas y consecuencias legales de la morosidad previsional en Chile. Aprende cómo regularizar deudas con AFP y mutuales paso a paso.

Lee el articulo completo: https://igmacobchile.cl/blog/morosidad-previsional/

#cobranza #pymes #facturas #Chile #liquidez #recuperaciondefacturas #empresas",https://igmacobchile.cl/blog/morosidad-previsional/
"Outsourcing de cobranza: cuándo y por qué externalizar este proceso

Descubre cómo el outsourcing de cobranza optimiza tus finanzas y mejora la gestión de pagos en tu empresa o pyme. Contáctanos

Lee el articulo completo: https://igmacobchile.cl/blog/outsourcing-de-cobranza/

#cobranza #pymes #facturas #Chile #liquidez #recuperaciondefacturas #empresas",https://igmacobchile.cl/blog/outsourcing-de-cobranza/
"Procedimiento ejecutivo de cobranza: etapas y plazos en Chile

Conoce cómo el procedimiento ejecutivo de Igmacob mejora la liquidez y recupera tus cuentas por cobrar con eficiencia.

Lee el articulo completo: https://igmacobchile.cl/blog/procedimiento-ejecutivo/

#cobranza #pymes #facturas #Chile #liquidez #recuperaciondefacturas #empresas",https://igmacobchile.cl/blog/procedimiento-ejecutivo/
"Prospección comercial para PYMEs: cómo encontrar nuevos clientes

Guía de prospección comercial para PYMEs: cómo identificar, calificar y captar nuevos clientes con técnicas efectivas y herramientas profesionales.

Lee el articulo completo: https://igmacobchile.cl/blog/prospeccion-comercial/

#cobranza #pymes #facturas #Chile #liquidez #recuperaciondefacturas #empresas",https://igmacobchile.cl/blog/prospeccion-comercial/
"Psicología de la cobranza: cómo persuadir sin presionar

Descubre cómo la psicología de la cobranza transforma estrategias para recuperar deudas de manera efectiva y respetuosa. ¡¡Contáctanos!!

Lee el articulo completo: https://igmacobchile.cl/blog/psicologia-de-la-cobranza/

#cobranza #pymes #facturas #Chile #liquidez #recuperaciondefacturas #empresas",https://igmacobchile.cl/blog/psicologia-de-la-cobranza/
"¿Qué es la cobranza judicial? Todo lo que necesitas saber

Descubre Qué es cobranza judicial y cómo Igmacob Chile ayuda a recuperar deudas empresariales con gestión profesional y efectiva. Contáctanos

Lee el articulo completo: https://igmacobchile.cl/blog/que-es-cobranza-judicial/

#cobranza #pymes #facturas #Chile #liquidez #recuperaciondefacturas #empresas",https://igmacobchile.cl/blog/que-es-cobranza-judicial/
"Cómo redactar un recordatorio de pago profesional y efectivo

Recordatorios de Pago efectivo: mensajes automáticos y pagos sin fricción para tu pyme con Igmacob Chile. Contáctate con nosotros

Lee el articulo completo: https://igmacobchile.cl/blog/recordatorios-de-pago/

#cobranza #pymes #facturas #Chile #liquidez #recuperaciondefacturas #empresas",https://igmacobchile.cl/blog/recordatorios-de-pago/
"Cómo Reducir la Morosidad en una Empresa: 7 Estrategias para 2026

Aprende a reducir la morosidad en tu empresa con políticas de crédito claras, cobranza preventiva y métricas que mejoran el flujo de caja. Guía práctica para Chile.

Lee el articulo completo: https://igmacobchile.cl/blog/reducir-morosidad-empresa/

#cobranza #pymes #facturas #Chile #liquidez #recuperaciondefacturas #empresas",https://igmacobchile.cl/blog/reducir-morosidad-empresa/
"Contact center para empresas: qué es y por qué lo necesitas

Servicio de contact center para pymes: recupera facturas, mejora experiencia y ahorra con outsourcers expertos como Igmacob Chile.

Lee el articulo completo: https://igmacobchile.cl/blog/servicio-de-contact-center/

#cobranza #pymes #facturas #Chile #liquidez #recuperaciondefacturas #empresas",https://igmacobchile.cl/blog/servicio-de-contact-center/
"Telemarketing inteligente: 5 claves para una campaña exitosa en Chile

5 claves para diseñar campañas de telemarketing inteligente en Chile: segmentación, scripts efectivos, calidad de leads y conversión.

Lee el articulo completo: https://igmacobchile.cl/blog/telemarketing-inteligente/

#cobranza #pymes #facturas #Chile #liquidez #recuperaciondefacturas #empresas",https://igmacobchile.cl/blog/telemarketing-inteligente/
